{
"frames": {
	"cars_01.png": {
		"frame": {"x":123, "y":198, "w":122, "h":197},
		"spriteSourceSize": {"x":0,"y":0,"w":122,"h":197},
		"sourceSize": {"w":122,"h":197}
	},
	"cars_02.png": {
		"frame": {"x":0, "y":198, "w":122, "h":197},
		"spriteSourceSize": {"x":0,"y":0,"w":122,"h":197},
		"sourceSize": {"w":122,"h":197}
	},
	"cars_03.png": {
		"frame": {"x":0, "y":0, "w":125, "h":197},
		"spriteSourceSize": {"x":0,"y":0,"w":125,"h":197},
		"sourceSize": {"w":125,"h":197}
	},
	"cars_04.png": {
		"frame": {"x":363, "y":201, "w":113, "h":200},
		"spriteSourceSize": {"x":0,"y":0,"w":113,"h":200},
		"sourceSize": {"w":113,"h":200}
	},
	"cars_05.png": {
		"frame": {"x":246, "y":0, "w":121, "h":200},
		"spriteSourceSize": {"x":0,"y":0,"w":121,"h":200},
		"sourceSize": {"w":121,"h":200}
	},
	"cars_06.png": {
		"frame": {"x":246, "y":201, "w":116, "h":200},
		"spriteSourceSize": {"x":0,"y":0,"w":116,"h":200},
		"sourceSize": {"w":116,"h":200}
	}

},
"meta": {
	"image": "cars.png",
	"size": {"w": 477, "h": 402},
	"scale": "1"
}
}