{
"frames": {
	"Gold_21.png": {
		"frame": {"x":0, "y":0, "w":563, "h":564},
		"spriteSourceSize": {"x":0,"y":0,"w":563,"h":564},
		"sourceSize": {"w":563,"h":564}
	},
	"Gold_22.png": {
		"frame": {"x":0, "y":1130, "w":559, "h":564},
		"spriteSourceSize": {"x":0,"y":0,"w":559,"h":564},
		"sourceSize": {"w":559,"h":564}
	},
	"Gold_23.png": {
		"frame": {"x":560, "y":565, "w":504, "h":564},
		"spriteSourceSize": {"x":0,"y":0,"w":504,"h":564},
		"sourceSize": {"w":504,"h":564}
	},
	"Gold_24.png": {
		"frame": {"x":560, "y":1130, "w":428, "h":565},
		"spriteSourceSize": {"x":0,"y":0,"w":428,"h":565},
		"sourceSize": {"w":428,"h":565}
	},
	"Gold_25.png": {
		"frame": {"x":1068, "y":0, "w":262, "h":564},
		"spriteSourceSize": {"x":0,"y":0,"w":262,"h":564},
		"sourceSize": {"w":262,"h":564}
	},
	"Gold_26.png": {
		"frame": {"x":1328, "y":565, "w":108, "h":564},
		"spriteSourceSize": {"x":0,"y":0,"w":108,"h":564},
		"sourceSize": {"w":108,"h":564}
	},
	"Gold_27.png": {
		"frame": {"x":1065, "y":565, "w":262, "h":564},
		"spriteSourceSize": {"x":0,"y":0,"w":262,"h":564},
		"sourceSize": {"w":262,"h":564}
	},
	"Gold_28.png": {
		"frame": {"x":989, "y":1130, "w":428, "h":565},
		"spriteSourceSize": {"x":0,"y":0,"w":428,"h":565},
		"sourceSize": {"w":428,"h":565}
	},
	"Gold_29.png": {
		"frame": {"x":564, "y":0, "w":503, "h":564},
		"spriteSourceSize": {"x":0,"y":0,"w":503,"h":564},
		"sourceSize": {"w":503,"h":564}
	},
	"Gold_30.png": {
		"frame": {"x":0, "y":565, "w":559, "h":564},
		"spriteSourceSize": {"x":0,"y":0,"w":559,"h":564},
		"sourceSize": {"w":559,"h":564}
	}

},
"meta": {
	"image": "sprites.png",
	"size": {"w": 1437, "h": 1696},
	"scale": "1"
}
}