{
"frames": {
	"anim.png": {
		"frame": {"x":0, "y":840, "w":391, "h":104},
		"spriteSourceSize": {"x":64,"y":190,"w":500,"h":500},
		"sourceSize": {"w":500,"h":500}
	},
	"anim1.png": {
		"frame": {"x":392, "y":735, "w":391, "h":104},
		"spriteSourceSize": {"x":64,"y":190,"w":500,"h":500},
		"sourceSize": {"w":500,"h":500}
	},
	"anim2.png": {
		"frame": {"x":392, "y":630, "w":391, "h":104},
		"spriteSourceSize": {"x":64,"y":190,"w":500,"h":500},
		"sourceSize": {"w":500,"h":500}
	},
	"anim3.png": {
		"frame": {"x":392, "y":525, "w":391, "h":104},
		"spriteSourceSize": {"x":64,"y":190,"w":500,"h":500},
		"sourceSize": {"w":500,"h":500}
	},
	"anim4.png": {
		"frame": {"x":392, "y":420, "w":391, "h":104},
		"spriteSourceSize": {"x":64,"y":190,"w":500,"h":500},
		"sourceSize": {"w":500,"h":500}
	},
	"anim5.png": {
		"frame": {"x":392, "y":315, "w":391, "h":104},
		"spriteSourceSize": {"x":64,"y":190,"w":500,"h":500},
		"sourceSize": {"w":500,"h":500}
	},
	"anim6.png": {
		"frame": {"x":392, "y":210, "w":391, "h":104},
		"spriteSourceSize": {"x":64,"y":190,"w":500,"h":500},
		"sourceSize": {"w":500,"h":500}
	},
	"anim7.png": {
		"frame": {"x":392, "y":105, "w":391, "h":104},
		"spriteSourceSize": {"x":64,"y":190,"w":500,"h":500},
		"sourceSize": {"w":500,"h":500}
	},
	"anim8.png": {
		"frame": {"x":392, "y":0, "w":391, "h":104},
		"spriteSourceSize": {"x":64,"y":190,"w":500,"h":500},
		"sourceSize": {"w":500,"h":500}
	},
	"anim9.png": {
		"frame": {"x":392, "y":840, "w":391, "h":104},
		"spriteSourceSize": {"x":64,"y":190,"w":500,"h":500},
		"sourceSize": {"w":500,"h":500}
	},
	"anim10.png": {
		"frame": {"x":0, "y":735, "w":391, "h":104},
		"spriteSourceSize": {"x":64,"y":190,"w":500,"h":500},
		"sourceSize": {"w":500,"h":500}
	},
	"anim11.png": {
		"frame": {"x":0, "y":630, "w":391, "h":104},
		"spriteSourceSize": {"x":64,"y":190,"w":500,"h":500},
		"sourceSize": {"w":500,"h":500}
	},
	"anim12.png": {
		"frame": {"x":0, "y":525, "w":391, "h":104},
		"spriteSourceSize": {"x":64,"y":190,"w":500,"h":500},
		"sourceSize": {"w":500,"h":500}
	},
	"anim13.png": {
		"frame": {"x":0, "y":420, "w":391, "h":104},
		"spriteSourceSize": {"x":64,"y":190,"w":500,"h":500},
		"sourceSize": {"w":500,"h":500}
	},
	"anim14.png": {
		"frame": {"x":0, "y":315, "w":391, "h":104},
		"spriteSourceSize": {"x":64,"y":190,"w":500,"h":500},
		"sourceSize": {"w":500,"h":500}
	},
	"anim15.png": {
		"frame": {"x":0, "y":210, "w":391, "h":104},
		"spriteSourceSize": {"x":64,"y":190,"w":500,"h":500},
		"sourceSize": {"w":500,"h":500}
	},
	"anim16.png": {
		"frame": {"x":0, "y":105, "w":391, "h":104},
		"spriteSourceSize": {"x":64,"y":190,"w":500,"h":500},
		"sourceSize": {"w":500,"h":500}
	},
	"anim17.png": {
		"frame": {"x":0, "y":0, "w":391, "h":104},
		"spriteSourceSize": {"x":64,"y":190,"w":500,"h":500},
		"sourceSize": {"w":500,"h":500}
	},
	"anim18.png": {
		"frame": {"x":0, "y":840, "w":391, "h": 104},
		"spriteSourceSize": {"x":64,"y":190,"w":500,"h":500},
		"sourceSize": {"w":500,"h":500}
	}

},
"meta": {
	"image": "titleanim.png",
	"size": {"w": 784, "h": 945},
	"scale": "1"
}
}